epoch,boundary_boundary_f1,boundary_loss,inner_distance_loss,learning_rate,loss,semantic_foreground_miou,semantic_loss,semantic_mean_iou,semantic_pixel_accuracy,val_boundary_boundary_f1,val_boundary_loss,val_inner_distance_loss,val_instance_checkpoint_semantic_miou,val_instance_f1,val_instance_mask_map50,val_instance_mask_map50_95,val_instance_precision,val_instance_recall,val_instance_selection_score,val_loss,val_semantic_foreground_miou,val_semantic_loss,val_semantic_mean_iou,val_semantic_pixel_accuracy
0,0.4834670126438141,0.4665716290473938,0.010657664388418198,4.999999873689376e-05,0.9253664016723633,0.16748380661010742,0.678819477558136,0.30276787281036377,0.798873245716095,0.5543233752250671,0.429604172706604,0.008925359696149826,0.21970018566391397,0.06880571714289199,0.06172307989818991,0.022932008861847854,0.039930358962744876,0.24852435908730508,0.022932008861847854,0.8174763917922974,0.21851328015327454,0.5993419289588928,0.348259299993515,0.8360614776611328
1,0.673978328704834,0.38048282265663147,0.006361179053783417,9.999999747378752e-05,0.6748049259185791,0.36076587438583374,0.49704891443252563,0.4704585075378418,0.8735204935073853,0.6917358040809631,0.3753219544887543,0.006020394153892994,nan,nan,nan,nan,nan,nan,nan,0.6068590879440308,0.4182269871234894,0.43405836820602417,0.51942378282547,0.9038500189781189
2,0.73971027135849,0.33763471245765686,0.005368503741919994,0.0001500000071246177,0.5567896366119385,0.5066152215003967,0.40181395411491394,0.5908037424087524,0.9094797372817993,0.7846613526344299,0.3175019323825836,0.005096606444567442,nan,nan,nan,nan,nan,nan,nan,0.47870293259620667,0.5760964751243591,0.33248627185821533,0.6501271724700928,0.9379599690437317
3,0.7797259092330933,0.30872276425361633,0.004789627157151699,0.00019999999494757503,0.4688648283481598,0.6039262413978577,0.3283514082431793,0.6713014841079712,0.9314695000648499,0.8270303606987,0.281881183385849,0.0046455757692456245,nan,nan,nan,nan,nan,nan,nan,0.3844078481197357,0.6887034177780151,0.2533877491950989,0.7423285245895386,0.9546313881874084
4,0.7985408902168274,0.29236137866973877,0.004496941342949867,0.0002500000118743628,0.4245384931564331,0.6465911865234375,0.29186034202575684,0.7065741419792175,0.9398005604743958,0.8515241742134094,0.2591255307197571,0.004274137318134308,0.7611942848263927,0.8376812785012941,0.8988014894922569,0.639637278299236,0.7848344880677445,0.8981587525328165,0.639637278299236,0.3303070664405823,0.7677499651908875,0.20982810854911804,0.8066765069961548,0.9633338451385498
5,0.8143073320388794,0.2796298563480377,0.0041506667621433735,0.0003000000142492354,0.3953542709350586,0.6799091100692749,0.2699584364891052,0.7339266538619995,0.9453064203262329,0.8690251708030701,0.24324321746826172,0.0038647728506475687,nan,nan,nan,nan,nan,nan,nan,0.3043942153453827,0.7847746014595032,0.1927734762430191,0.8207820057868958,0.9657973051071167
6,0.8312329649925232,0.26479580998420715,0.003839883953332901,0.0003000000142492354,0.3525175154209137,0.720208466053009,0.23468048870563507,0.767270028591156,0.9527652859687805,0.8857582807540894,0.22780130803585052,0.00352888903580606,nan,nan,nan,nan,nan,nan,nan,0.2744368314743042,0.8129100799560547,0.17080768942832947,0.8442530632019043,0.9709067940711975
7,0.8405939936637878,0.25658848881721497,0.0036618257872760296,0.0002999422140419483,0.3357391059398651,0.740068256855011,0.22214461863040924,0.7836141586303711,0.9559324979782104,0.8970579504966736,0.21838146448135376,0.003243947634473443,nan,nan,nan,nan,nan,nan,nan,0.25333863496780396,0.8398553133010864,0.15538473427295685,0.8666126132011414,0.9748895168304443
8,0.8512445688247681,0.24752755463123322,0.0034834593534469604,0.0002997689589392394,0.312335342168808,0.7674146294593811,0.20324251055717468,0.8063343167304993,0.9607678651809692,0.9077133536338806,0.20907796919345856,0.0030593308620154858,nan,nan,nan,nan,nan,nan,nan,0.24084541201591492,0.8505089282989502,0.14752869307994843,0.8754864931106567,0.9769126176834106
9,0.859041690826416,0.24025873839855194,0.0033069441560655832,0.0002994803071487695,0.2983279824256897,0.7780798077583313,0.1931803971529007,0.8152591586112976,0.9627708792686462,0.9131408929824829,0.20372308790683746,0.0029336644802242517,0.8575169910746812,0.9363867684478372,0.9590464827205458,0.7704924624701909,0.9172017573504563,0.9563915073561801,0.7704924624701909,0.2289757877588272,0.8617962002754211,0.138522207736969,0.8848958015441895,0.9788699746131897
10,0.8657877445220947,0.2344774752855301,0.00321031641215086,0.0002990765206050128,0.2838389277458191,0.8026935458183289,0.18139217793941498,0.835419774055481,0.9661231637001038,0.9186428189277649,0.198410764336586,0.002793738152831793,nan,nan,nan,nan,nan,nan,nan,0.22061094641685486,0.8675376176834106,0.13315051794052124,0.889692485332489,0.9796946048736572
11,0.8714276552200317,0.2297767549753189,0.0031004203483462334,0.0002985578903462738,0.2734341323375702,0.802318811416626,0.17349711060523987,0.8352311849594116,0.9668445587158203,0.922283411026001,0.19454360008239746,0.0027020799461752176,nan,nan,nan,nan,nan,nan,nan,0.21053573489189148,0.874732494354248,0.1251518577337265,0.8956095576286316,0.9808259010314941
12,0.8752389550209045,0.22601693868637085,0.0030245014932006598,0.00029792485293000937,0.2644543945789337,0.8139543533325195,0.16640417277812958,0.844828724861145,0.9682883024215698,0.9244804382324219,0.19340908527374268,0.002675237599760294,nan,nan,nan,nan,nan,nan,nan,0.20898663997650146,0.876590371131897,0.12421153485774994,0.8971620798110962,0.9811576008796692
13,0.8796278834342957,0.2212720513343811,0.0029423206578940153,0.0002971778449136764,0.2540225684642792,0.8242093324661255,0.1582176685333252,0.8534512519836426,0.9705140590667725,0.9270064234733582,0.19028964638710022,0.0026215172838419676,nan,nan,nan,nan,nan,nan,nan,0.2047632485628128,0.8803226947784424,0.1214611828327179,0.900260329246521,0.9816546440124512
14,0.8831875920295715,0.21823202073574066,0.002877932507544756,0.0002963175065815449,0.24786505103111267,0.8315737247467041,0.15361599624156952,0.8593860864639282,0.971263587474823,0.9302617311477661,0.18654455244541168,0.002571124117821455,0.8771263117209485,0.9549713690786049,0.9753193628041866,0.8071979594461499,0.9406888300145286,0.9696943000616686,0.8071979594461499,0.20051360130310059,0.8801568746566772,0.11883891373872757,0.9002135992050171,0.9818699955940247
15,0.8854969143867493,0.21615393459796906,0.002868781564757228,0.00029534444911405444,0.2467312514781952,0.8240850567817688,0.15319691598415375,0.853350818157196,0.9707255363464355,0.9311653971672058,0.18539686501026154,0.0025273156352341175,nan,nan,nan,nan,nan,nan,nan,0.19576217234134674,0.8844144344329834,0.1148698478937149,0.9037724733352661,0.982652485370636
16,0.8881614804267883,0.21286217868328094,0.0027918643318116665,0.00029425942921079695,0.23634909093379974,0.8388571739196777,0.14457209408283234,0.86546391248703,0.9726871252059937,0.931618332862854,0.18632802367210388,0.002503274707123637,nan,nan,nan,nan,nan,nan,nan,0.19701530039310455,0.8830795288085938,0.11608415842056274,0.9027456045150757,0.9825504422187805
17,0.890228271484375,0.21202415227890015,0.002765774028375745,0.0002930633199866861,0.23653927445411682,0.8363780975341797,0.14527422189712524,0.8633276224136353,0.9720828533172607,0.9334432482719421,0.18383125960826874,0.0024753285106271505,nan,nan,nan,nan,nan,nan,nan,0.19219599664211273,0.8867255449295044,0.11229349672794342,0.9056934118270874,0.9830220937728882
18,0.8916025757789612,0.20976047217845917,0.0026932621840387583,0.0002917570236604661,0.22994522750377655,0.846861720085144,0.14008432626724243,0.8719495534896851,0.97337406873703,0.934711217880249,0.1823108047246933,0.00246208137832582,nan,nan,nan,nan,nan,nan,nan,0.19120873510837555,0.8871702551841736,0.11189476400613785,0.906092643737793,0.9832122921943665
19,0.8956682085990906,0.20535658299922943,0.0026592023205012083,0.0002903415297623724,0.22281014919281006,0.8463189601898193,0.13461123406887054,0.8717560768127441,0.9741760492324829,0.9358782172203064,0.1813427209854126,0.002442113123834133,0.8922821299699405,0.9597251217814892,0.9776747014273197,0.8152518927824508,0.9477708100678636,0.9719848471500309,0.8152518927824508,0.18753033876419067,0.8911252021789551,0.10870637744665146,0.9093934297561646,0.9838728308677673
20,0.8960110545158386,0.20489314198493958,0.002603601897135377,0.0002888179733417928,0.21901091933250427,0.8518330454826355,0.13150708377361298,0.8760770559310913,0.9743065237998962,0.9372581839561462,0.17983175814151764,0.0024116220884025097,nan,nan,nan,nan,nan,nan,nan,0.18607565760612488,0.8926642537117004,0.10800972580909729,0.9106515049934387,0.9841330647468567
21,0.8974593281745911,0.203009232878685,0.0025884334463626146,0.0002871875185519457,0.21688640117645264,0.8532297611236572,0.1300995647907257,0.8775302171707153,0.9755992889404297,0.937667191028595,0.1798047125339508,0.002391570247709751,nan,nan,nan,nan,nan,nan,nan,0.1855190396308899,0.8941794037818909,0.10766193270683289,0.911892294883728,0.9843056797981262
22,0.8992345333099365,0.20150130987167358,0.002549660624936223,0.0002854514168575406,0.2118963748216629,0.8576085567474365,0.12594948709011078,0.8808456659317017,0.9751125574111938,0.9379687905311584,0.17889603972434998,0.0023627327755093575,nan,nan,nan,nan,nan,nan,nan,0.18504901230335236,0.8926278352737427,0.10775278508663177,0.9106050729751587,0.9840932488441467
23,0.9017160534858704,0.19907958805561066,0.0025102575309574604,0.0002836110070347786,0.21097597479820251,0.8562046885490417,0.12614940106868744,0.8799241781234741,0.9756558537483215,0.9394973516464233,0.17652958631515503,0.0023441941011697054,nan,nan,nan,nan,nan,nan,nan,0.18242765963077545,0.8946123123168945,0.10602683573961258,0.9122927784919739,0.9844413995742798
24,0.9025358557701111,0.19764433801174164,0.0024544293992221355,0.00028166771517135203,0.20392218232154846,0.8611800074577332,0.12008514255285263,0.8839343190193176,0.9761712551116943,0.9387568235397339,0.1778748780488968,0.0023426597472280264,0.8977426481909428,0.9608506944444445,0.9781529788172753,0.8241614365786372,0.9469586791000085,0.9751563738877632,0.8241614365786372,0.18375034630298615,0.8943769335746765,0.10696131736040115,0.9120853543281555,0.9844158887863159
25,0.9040270447731018,0.19579142332077026,0.0024462330620735884,0.00027962305466644466,0.20178675651550293,0.87030428647995,0.11858722567558289,0.8914531469345093,0.9773215055465698,0.9394569396972656,0.17741380631923676,0.0023428560234606266,nan,nan,nan,nan,nan,nan,nan,0.18259836733341217,0.891137957572937,0.10594558715820312,0.9095207452774048,0.9842846989631653
26,0.904952883720398,0.1943264901638031,0.0024029877968132496,0.00027747859712690115,0.200136199593544,0.8615307807922363,0.11780838668346405,0.8844483494758606,0.9769088625907898,0.9397156238555908,0.17655616998672485,0.0023382280487567186,nan,nan,nan,nan,nan,nan,nan,0.18367759883403778,0.8932071924209595,0.10732856392860413,0.9112380146980286,0.9844661951065063
27,0.9074563980102539,0.1927700638771057,0.002388585824519396,0.0002752359723672271,0.19644871354103088,0.8691132068634033,0.1147320494055748,0.8905792236328125,0.9775766134262085,0.9401668906211853,0.1766016036272049,0.0023226896300911903,nan,nan,nan,nan,nan,nan,nan,0.1811683177947998,0.896330714225769,0.1049608588218689,0.9137536287307739,0.9847856163978577
28,0.9068199396133423,0.19249603152275085,0.002415749477222562,0.00027289698482491076,0.19648447632789612,0.8662540912628174,0.11457807570695877,0.8882161974906921,0.977321207523346,0.941120982170105,0.17482998967170715,0.0022986631374806166,nan,nan,nan,nan,nan,nan,nan,0.18237252533435822,0.8952509164810181,0.10693680495023727,0.9127001762390137,0.9841163158416748
29,0.9090493321418762,0.19096329808235168,0.0023397747427225113,0.00027046335162594914,0.19062867760658264,0.8750473260879517,0.10994228720664978,0.8954734802246094,0.9785346388816833,0.9416492581367493,0.17513543367385864,0.002285210881382227,0.8946674443848571,0.9627145221709208,0.9781473861870555,0.8293575454501374,0.9520978719738089,0.973570610518897,0.8293575454501374,0.1806909441947937,0.8970580101013184,0.10529828071594238,0.9142678380012512,0.9845147728919983
30,0.9097297191619873,0.1898966282606125,0.0023242493625730276,0.0002679370518308133,0.18860137462615967,0.8787283897399902,0.10839000344276428,0.89838045835495,0.9787205457687378,0.9424993991851807,0.17380498349666595,0.0022767940536141396,nan,nan,nan,nan,nan,nan,nan,0.17371866106987,0.9007759094238281,0.09880926460027695,0.9173685908317566,0.9850252866744995
31,0.9116480350494385,0.18754225969314575,0.002307500224560499,0.0002653199480846524,0.18585146963596344,0.8818509578704834,0.10651379078626633,0.9010783433914185,0.9794087409973145,0.9423580765724182,0.1746007353067398,0.002260519890114665,nan,nan,nan,nan,nan,nan,nan,0.17471113801002502,0.9001498818397522,0.09972570091485977,0.9168243408203125,0.984926164150238
32,0.9118700623512268,0.18714383244514465,0.0022958149202167988,0.000262614106759429,0.1869509369134903,0.8764775395393372,0.10784982889890671,0.896748423576355,0.9789242148399353,0.9419782161712646,0.17489151656627655,0.0022661967668682337,nan,nan,nan,nan,nan,nan,nan,0.17730161547660828,0.8986660242080688,0.10217221081256866,0.915540337562561,0.9845505356788635
33,0.914091169834137,0.18462303280830383,0.002254974329844117,0.00025982162333093584,0.1822456270456314,0.880293607711792,0.10430915653705597,0.8999048471450806,0.9794984459877014,0.9425289034843445,0.17467060685157776,0.0022441616747528315,nan,nan,nan,nan,nan,nan,nan,0.17641423642635345,0.898645281791687,0.1015714481472969,0.9155543446540833,0.9848065376281738
34,0.9139426350593567,0.1853516399860382,0.0022645897697657347,0.0002569446514826268,0.181772381067276,0.8803123235702515,0.10352083295583725,0.8997526168823242,0.9790863394737244,0.9431502223014832,0.1733626276254654,0.0022586698178201914,0.9019978408897005,0.964,0.9788361003693938,0.8314407729644921,0.9516696712164134,0.9766540392916924,0.8314407729644921,0.1746704876422882,0.9005166292190552,0.10007496923208237,0.9171659350395203,0.9852630496025085
35,0.9148156046867371,0.1834554821252823,0.00222161877900362,0.00025398540310561657,0.18046574294567108,0.8833763003349304,0.10321301221847534,0.902374267578125,0.9797043800354004,0.945841372013092,0.169992133975029,0.002224660012871027,nan,nan,nan,nan,nan,nan,nan,0.17140288650989532,0.9047792553901672,0.0981585830450058,0.9206520318984985,0.98570716381073
36,0.9176677465438843,0.1807529777288437,0.002191297709941864,0.00025094617740251124,0.17151044309139252,0.8937205076217651,0.09537150710821152,0.9108337163925171,0.9810775518417358,0.9454315304756165,0.16988013684749603,0.0022104536183178425,nan,nan,nan,nan,nan,nan,nan,0.17072421312332153,0.9040788412094116,0.09765557944774628,0.9200166463851929,0.98540198802948
37,0.9166653156280518,0.18221557140350342,0.0022119611967355013,0.00024782930267974734,0.17900899052619934,0.8869591355323792,0.10222481936216354,0.9053044319152832,0.9801365733146667,0.94565349817276,0.1696733683347702,0.002219678834080696,nan,nan,nan,nan,nan,nan,nan,0.17264506220817566,0.9027189016342163,0.09954629838466644,0.9189478158950806,0.9853407144546509
38,0.917924165725708,0.18080653250217438,0.0021758219227194786,0.00024463722365908325,0.1738927662372589,0.8877188563346863,0.09789272397756577,0.9058715105056763,0.9801114201545715,0.945227324962616,0.17055484652519226,0.0022124701645225286,nan,nan,nan,nan,nan,nan,nan,0.17375537753105164,0.9024245738983154,0.10046424716711044,0.9187323451042175,0.9853753447532654
39,0.9190583229064941,0.1783546656370163,0.002150972606614232,0.00024137238506227732,0.17229391634464264,0.8870972394943237,0.09727771580219269,0.9055845141410828,0.9807315468788147,0.9453269243240356,0.17138871550559998,0.002196253975853324,0.9061761868796729,0.9656282631395754,0.9793353838140989,0.8373887819111495,0.9539241812086307,0.9776231169059995,0.8373887819111495,0.17263801395893097,0.903622031211853,0.09925880283117294,0.9197180867195129,0.9855683445930481
40,0.9203768372535706,0.1775926947593689,0.002144963713362813,0.00023803730437066406,0.1679534763097763,0.8949476480484009,0.09322609007358551,0.9118816256523132,0.9813108444213867,0.9451150894165039,0.1710224598646164,0.0022009657695889473,nan,nan,nan,nan,nan,nan,nan,0.1731342375278473,0.9020541906356812,0.09981788694858551,0.9184673428535461,0.985379159450531
41,0.9211370348930359,0.17700955271720886,0.0021503991447389126,0.00023463457182515413,0.16758516430854797,0.8935744166374207,0.09297821670770645,0.9106844663619995,0.9809503555297852,0.9452735185623169,0.17178720235824585,0.002204021904617548,nan,nan,nan,nan,nan,nan,nan,0.1738622635602951,0.9020352959632874,0.10028588026762009,0.9184601902961731,0.9855789542198181
42,0.9222294092178345,0.17585544288158417,0.0021250040736049414,0.00023116680677048862,0.16562460362911224,0.8965959548950195,0.09161783754825592,0.9132765531539917,0.9817025065422058,0.9452862739562988,0.1713990718126297,0.002201329218223691,nan,nan,nan,nan,nan,nan,nan,0.17352595925331116,0.9024325013160706,0.10009299218654633,0.9188087582588196,0.9856895804405212
43,0.923179030418396,0.1744823455810547,0.0020951488986611366,0.0002276367013109848,0.16294361650943756,0.9002463221549988,0.08964750915765762,0.9162366986274719,0.9820635914802551,0.9464170336723328,0.16985832154750824,0.002187318867072463,nan,nan,nan,nan,nan,nan,nan,0.17228913307189941,0.9023842811584473,0.09945845603942871,0.9187334775924683,0.9856037497520447
44,0.9225793480873108,0.17473572492599487,0.0020757922902703285,0.00022404697665479034,0.16623464226722717,0.8941471576690674,0.09305603057146072,0.9112563133239746,0.9812481999397278,0.945876955986023,0.17103081941604614,0.002196235815063119,0.8941702457143962,0.9649000868809731,0.9791654309129691,0.8361982025079147,0.9517525066415289,0.9784159985904326,0.8361982025079147,0.17634697258472443,0.8902637362480164,0.10307537019252777,0.908949077129364,0.9847487807273865
45,0.924033522605896,0.1740509420633316,0.0020629267673939466,0.00022040039766579866,0.1623387336730957,0.9008913636207581,0.08949445933103561,0.9166921377182007,0.9819156527519226,0.9467583894729614,0.16936036944389343,0.002182799857109785,nan,nan,nan,nan,nan,nan,nan,0.17191331088542938,0.9019662737846375,0.09927716106176376,0.9184382557868958,0.9856357574462891
46,0.9254605770111084,0.17166051268577576,0.0020303872879594564,0.0002166998019674793,0.15812468528747559,0.9022139310836792,0.08632274717092514,0.9178562164306641,0.9823566675186157,0.9462910890579224,0.1702180951833725,0.002191457897424698,nan,nan,nan,nan,nan,nan,nan,0.17229768633842468,0.8955436944961548,0.09931758791208267,0.9132744073867798,0.985380232334137
47,0.9255500435829163,0.1717374175786972,0.0020372215658426285,0.0002129480562871322,0.1614396721124649,0.8987006545066833,0.0895460695028305,0.915115475654602,0.9823240041732788,0.9464800357818604,0.16975824534893036,0.002170959021896124,nan,nan,nan,nan,nan,nan,nan,0.1706586331129074,0.9044339656829834,0.0980215072631836,0.92036372423172,0.985665500164032
48,0.9265844821929932,0.17073722183704376,0.0020287742372602224,0.0002091480273520574,0.15947826206684113,0.9007397890090942,0.08796926587820053,0.916739821434021,0.9824132323265076,0.9485078454017639,0.16650912165641785,0.0021485162433236837,nan,nan,nan,nan,nan,nan,nan,0.16914024949073792,0.9043997526168823,0.09770237654447556,0.9204157590866089,0.9859359264373779
49,0.9275245666503906,0.17019261419773102,0.0020068774465471506,0.00020530266920104623,0.15723763406276703,0.9010335803031921,0.08611111342906952,0.9169539213180542,0.9824432730674744,0.9484831094741821,0.16712495684623718,0.002150454791262746,0.9055483049427531,0.9684751371592789,0.9806013239900929,0.8406679618905392,0.9574687903572966,0.9797374680644877,0.8406679618905392,0.1696026623249054,0.9042947888374329,0.09796062111854553,0.9202843904495239,0.9857504963874817
50,0.9281973242759705,0.16853082180023193,0.0019935343880206347,0.0002014149649767205,0.15428434312343597,0.9071722030639648,0.08378978818655014,0.9219557046890259,0.9829905033111572,0.9492432475090027,0.16561603546142578,0.002120952121913433,nan,nan,nan,nan,nan,nan,nan,0.16841043531894684,0.9047456979751587,0.0975160002708435,0.9206625819206238,0.9858229756355286
51,0.928970217704773,0.16824115812778473,0.0019817056600004435,0.0001974879123736173,0.15589278936386108,0.9038108587265015,0.08560319244861603,0.9192364811897278,0.9826881289482117,0.9493958950042725,0.16569218039512634,0.002133444417268038,nan,nan,nan,nan,nan,nan,nan,0.16899245977401733,0.9066552519798279,0.09795033186674118,0.9222034215927124,0.9858770966529846
52,0.9294001460075378,0.16754306852817535,0.0019714583177119493,0.00019352453819010407,0.15176509320735931,0.9055111408233643,0.08178744465112686,0.9206209182739258,0.982874870300293,0.9489868879318237,0.16611666977405548,0.0021480221766978502,nan,nan,nan,nan,nan,nan,nan,0.16910302639007568,0.9056315422058105,0.09778782725334167,0.9213846325874329,0.9858464598655701
53,0.9302056431770325,0.16657529771327972,0.0019638617523014545,0.0001895278983283788,0.15163645148277283,0.9096137881278992,0.08202535659074783,0.9239501953125,0.9832316040992737,0.950264573097229,0.16491667926311493,0.002124151447787881,nan,nan,nan,nan,nan,nan,nan,0.1677173376083374,0.9055051803588867,0.09700081497430801,0.9212814569473267,0.9858881831169128
54,0.9320300817489624,0.16449427604675293,0.001961837988346815,0.00018550110689830035,0.1490088701248169,0.9111346006393433,0.08004225045442581,0.9252719879150391,0.983820378780365,0.9492971301078796,0.1661440134048462,0.00212217983789742,0.9075256173233566,0.9678064909075089,0.9802193544827664,0.842066613008925,0.9559948431456812,0.9799136639943617,0.842066613008925,0.16869382560253143,0.9062185883522034,0.09762882441282272,0.9218536615371704,0.9859319925308228
55,0.9322574138641357,0.16394612193107605,0.0019517582841217518,0.00018144726345781237,0.1490752100944519,0.9090185165405273,0.08037412911653519,0.9235869646072388,0.9836421608924866,0.9493206739425659,0.1666000485420227,0.002116661984473467,nan,nan,nan,nan,nan,nan,nan,0.16707849502563477,0.9065215587615967,0.09593192487955093,0.9221371412277222,0.9860572814941406
56,0.9336994886398315,0.16299454867839813,0.001924652955494821,0.00017736949666868895,0.14477314054965973,0.9149768352508545,0.07662822306156158,0.9284254312515259,0.9842385053634644,0.9491214752197266,0.16679082810878754,0.002119677606970072,nan,nan,nan,nan,nan,nan,nan,0.17002709209918976,0.9027393460273743,0.09879298508167267,0.9191166162490845,0.9860090613365173
57,0.9324167370796204,0.16334232687950134,0.0019485540688037872,0.00017327097884844989,0.1477769911289215,0.9130856394767761,0.0792887955904007,0.9268380999565125,0.9838418364524841,0.9493804574012756,0.16748839616775513,0.002135123359039426,nan,nan,nan,nan,nan,nan,nan,0.16820953786373138,0.9042068719863892,0.09661189466714859,0.9202741384506226,0.9860352873802185
58,0.9335867166519165,0.16243675351142883,0.001910971011966467,0.00016915483865886927,0.14427846670150757,0.9141485691070557,0.07643768191337585,0.9277459383010864,0.984107255935669,0.9503620862960815,0.16667945683002472,0.0021136628929525614,nan,nan,nan,nan,nan,nan,nan,0.170063778758049,0.9069105982780457,0.09892328828573227,0.92247474193573,0.9862225651741028
59,0.9344801306724548,0.16185827553272247,0.0019006413640454412,0.00016502429207321256,0.14316950738430023,0.9138596057891846,0.07560548186302185,0.9275122880935669,0.9841181039810181,0.9508222341537476,0.16570556163787842,0.0021120738238096237,0.9096228176268136,0.9714285714285714,0.9843922679547972,0.8456404110864174,0.9620701572490064,0.9809708395736059,0.8456404110864174,0.16833673417568207,0.9082181453704834,0.09750425815582275,0.9235296249389648,0.986297607421875
60,0.9350324869155884,0.16108286380767822,0.0018941176822409034,0.0001608825259609148,0.14293599128723145,0.9140109419822693,0.07566987723112106,0.9276520013809204,0.9841532707214355,0.9514434933662415,0.1648106873035431,0.0021001945715397596,nan,nan,nan,nan,nan,nan,nan,0.16922244429588318,0.9079630970954895,0.09877730160951614,0.9233158230781555,0.9862194657325745
61,0.9351824522018433,0.1603320688009262,0.0018732224125415087,0.00015673272719141096,0.1416335552930832,0.914723813533783,0.07480160146951675,0.9282511472702026,0.9843788743019104,0.9509989023208618,0.16505511105060577,0.0020847737323492765,nan,nan,nan,nan,nan,nan,nan,0.16968272626399994,0.9074110984802246,0.09931854903697968,0.9227781295776367,0.9858242273330688
62,0.9359841346740723,0.1591794490814209,0.0018551778048276901,0.00015257811173796654,0.13920773565769196,0.9171974658966064,0.07290218025445938,0.9302526712417603,0.9845064878463745,0.9505698680877686,0.16601872444152832,0.0020947137381881475,nan,nan,nan,nan,nan,nan,nan,0.1696510910987854,0.908377468585968,0.09889845550060272,0.9235662221908569,0.9858878254890442
63,0.9365261197090149,0.15909375250339508,0.001860964228399098,0.000148421895573847,0.14168594777584076,0.9144736528396606,0.07534810155630112,0.9280473589897156,0.9843246936798096,0.9516833424568176,0.16488879919052124,0.0020708413794636726,nan,nan,nan,nan,nan,nan,nan,0.16680917143821716,0.9103371500968933,0.0966341570019722,0.9252249002456665,0.9862987995147705
64,0.936652421951294,0.15876558423042297,0.0018609925173223019,0.00014426728012040257,0.14079037308692932,0.914237916469574,0.07455085217952728,0.9278638958930969,0.9842932820320129,0.9515710473060608,0.16485604643821716,0.002073710085824132,0.9120258484682268,0.970288402892742,0.9858840062660327,0.8474160484907275,0.9597517883306041,0.9810589375385429,0.8474160484907275,0.1668640822172165,0.9112284183502197,0.09667029976844788,0.9259458780288696,0.9863720536231995
65,0.9383324980735779,0.15707924962043762,0.0018312070751562715,0.00014011748135089874,0.13743717968463898,0.9163854122161865,0.0720013976097107,0.929604709148407,0.9845871329307556,0.9521464705467224,0.1639222651720047,0.0020613600499927998,nan,nan,nan,nan,nan,nan,nan,0.16579388082027435,0.9115439057350159,0.09600356966257095,0.9262178540229797,0.9864112734794617
66,0.9379708170890808,0.15705130994319916,0.0018137587467208505,0.00013597570068668574,0.1377485692501068,0.9188735485076904,0.07249560207128525,0.931620717048645,0.9846523404121399,0.9521457552909851,0.16426007449626923,0.0020684171468019485,nan,nan,nan,nan,nan,nan,nan,0.1669076532125473,0.9107046723365784,0.09694546461105347,0.9255350828170776,0.9863542318344116
67,0.9387298822402954,0.15658700466156006,0.001836748793721199,0.00013184515410102904,0.13619281351566315,0.919967770576477,0.07084908336400986,0.9325137138366699,0.9848220944404602,0.9514586329460144,0.16487154364585876,0.0020709349773824215,nan,nan,nan,nan,nan,nan,nan,0.16731879115104675,0.9090648889541626,0.09714806079864502,0.9241956472396851,0.9861924052238464
68,0.9391999840736389,0.1558600217103958,0.0018251771107316017,0.00012772902846336365,0.13742606341838837,0.9157140254974365,0.07241620123386383,0.9291659593582153,0.9846941828727722,0.9515066146850586,0.1661171317100525,0.0020625970792025328,nan,nan,nan,nan,nan,nan,nan,0.17122536897659302,0.9078787565231323,0.10076428204774857,0.9232093095779419,0.9860348105430603
69,0.9390061497688293,0.15574437379837036,0.0018170411931350827,0.00012363049609120935,0.13520899415016174,0.9204884767532349,0.07031533867120743,0.9329926371574402,0.9850608706474304,0.9517317414283752,0.16547448933124542,0.0020873784087598324,0.9103707387740934,0.9714684582497164,0.983756860502928,0.8483152160483313,0.9622331691297209,0.9808827416086688,0.8483152160483313,0.1696196347475052,0.9084365963935852,0.09910354018211365,0.923680305480957,0.9861494302749634
70,0.9395463466644287,0.15487708151340485,0.001793116214685142,0.00011955273657804355,0.13510076701641083,0.9177531003952026,0.07070643454790115,0.9308101534843445,0.9848845601081848,0.951669454574585,0.16495412588119507,0.0020777711179107428,nan,nan,nan,nan,nan,nan,nan,0.16746076941490173,0.9083646535873413,0.09719688445329666,0.9236310124397278,0.9861626029014587
71,0.9404149651527405,0.15357910096645355,0.001779642654582858,0.00011549888586159796,0.13224059343338013,0.9225452542304993,0.06837037205696106,0.934698760509491,0.9853233695030212,0.9525080919265747,0.16370263695716858,0.002073928713798523,nan,nan,nan,nan,nan,nan,nan,0.1660083830356598,0.9096662998199463,0.09615841507911682,0.9246962666511536,0.9863207936286926
72,0.9407328963279724,0.15396256744861603,0.0017698139417916536,0.00011147209443151951,0.13243187963962555,0.921972393989563,0.06854495406150818,0.9342129826545715,0.9852677583694458,0.9515936970710754,0.16532570123672485,0.0020737212616950274,nan,nan,nan,nan,nan,nan,nan,0.16985805332660675,0.90919029712677,0.09952318668365479,0.9243168830871582,0.9862874746322632
73,0.9407936930656433,0.1535952240228653,0.0017699692398309708,0.00010747546912170947,0.13115228712558746,0.9229556322097778,0.06737406551837921,0.935015082359314,0.9853922724723816,0.9523927569389343,0.16469599306583405,0.002063104882836342,nan,nan,nan,nan,nan,nan,nan,0.16763922572135925,0.9097003936767578,0.09759938716888428,0.9247534871101379,0.9864307641983032
74,0.9413471817970276,0.15252742171287537,0.0017586031462997198,0.00010351209493819624,0.12991778552532196,0.920387327671051,0.06657359004020691,0.9329676628112793,0.9852398037910461,0.9527729153633118,0.1642834097146988,0.002060730941593647,0.9118647160154603,0.9708957825026141,0.9843904293577976,0.8488986218893748,0.9604344453064391,0.981587525328165,0.8488986218893748,0.16871993243694305,0.9099365472793579,0.09882748872041702,0.9249271154403687,0.9863504767417908
75,0.9414215683937073,0.15281230211257935,0.0017752839485183358,9.958503505913541e-05,0.1311889886856079,0.9231018424034119,0.06759245693683624,0.9351186752319336,0.9853469729423523,0.9526938199996948,0.16421768069267273,0.0020627756603062153,nan,nan,nan,nan,nan,nan,nan,0.1660866141319275,0.9093853831291199,0.09619355946779251,0.9244853854179382,0.9863629341125488
76,0.9417277574539185,0.15200534462928772,0.0017436679918318987,9.569732355885208e-05,0.1308043897151947,0.9223037958145142,0.06776629388332367,0.9345110058784485,0.9853827357292175,0.952126681804657,0.16562578082084656,0.0020550235640257597,nan,nan,nan,nan,nan,nan,nan,0.1677495390176773,0.9102737903594971,0.09751150757074356,0.9251970052719116,0.9864034652709961
77,0.9428732991218567,0.15118096768856049,0.001729800133034587,9.185197268379852e-05,0.12826554477214813,0.9246545433998108,0.06561342626810074,0.9364458918571472,0.9856945872306824,0.9523997902870178,0.16495102643966675,0.002046292880550027,nan,nan,nan,nan,nan,nan,nan,0.16770200431346893,0.9095276594161987,0.09775370359420776,0.9245948791503906,0.9863366484642029
78,0.9429112672805786,0.15076057612895966,0.0017367517575621605,8.805195102468133e-05,0.12812018394470215,0.9253040552139282,0.06552453339099884,0.9369244575500488,0.9856293797492981,0.9521813988685608,0.1662278026342392,0.0020523325074464083,nan,nan,nan,nan,nan,nan,nan,0.16781766712665558,0.9114109873771667,0.09742598980665207,0.9261022806167603,0.9864009022712708
79,0.9434949159622192,0.14982588589191437,0.0017316590528935194,8.430019079241902e-05,0.12710382044315338,0.9254705905914307,0.06483958661556244,0.9371051788330078,0.9857768416404724,0.952153205871582,0.16637830436229706,0.002051274525001645,0.9107897083756675,0.971535678479578,0.984311565357756,0.8485916768398667,0.961518550474547,0.9817637212580389,0.8485916768398667,0.16986599564552307,0.9091238975524902,0.09943970292806625,0.9242328405380249,0.9861770272254944
80,0.9435275197029114,0.149591863155365,0.0017257254803553224,8.059959509409964e-05,0.12667518854141235,0.9264343976974487,0.06454022973775864,0.9379056096076965,0.9859044551849365,0.952702522277832,0.16480815410614014,0.0020356946624815464,nan,nan,nan,nan,nan,nan,nan,0.1691811978816986,0.9117848873138428,0.09938178211450577,0.9264181852340698,0.9864542484283447
81,0.9442991614341736,0.14983855187892914,0.0017240188317373395,7.695303065702319e-05,0.1284286230802536,0.9260773658752441,0.06623691320419312,0.9376317262649536,0.9859135150909424,0.9525675177574158,0.16554668545722961,0.0020387351978570223,nan,nan,nan,nan,nan,nan,nan,0.16839243471622467,0.9108491539955139,0.09834117442369461,0.9256764650344849,0.9864625334739685
82,0.944979190826416,0.14835770428180695,0.0017082694685086608,7.336330600082874e-05,0.12485010921955109,0.9246528148651123,0.06326035410165787,0.9364984631538391,0.9858877062797546,0.9523760676383972,0.16641461849212646,0.0020612040534615517,nan,nan,nan,nan,nan,nan,nan,0.16949313879013062,0.9101279973983765,0.09895677119493484,0.9250922203063965,0.986425518989563
83,0.9459441304206848,0.14728349447250366,0.001707418472506106,6.98331932653673e-05,0.12552209198474884,0.927233874797821,0.06426297128200531,0.9386029243469238,0.9861241579055786,0.9517426490783691,0.16691350936889648,0.002054701093584299,nan,nan,nan,nan,nan,nan,nan,0.16776570677757263,0.9107202887535095,0.09714453667402267,0.925525963306427,0.9862942099571228
84,0.9460446238517761,0.1474587619304657,0.0017003273824229836,6.636543548665941e-05,0.12447445839643478,0.9275192618370056,0.06323354691267014,0.9388348460197449,0.986148476600647,0.9522048234939575,0.1657586693763733,0.002057340694591403,0.9120224911397674,0.9730390018323009,0.9863936479964737,0.8482325484914999,0.9637887823005791,0.982468504977535,0.8482325484914999,0.1681181937456131,0.9105876088142395,0.09781715273857117,0.9254270792007446,0.9863166809082031
85,0.946053147315979,0.14683391153812408,0.001694416394457221,6.296270294114947e-05,0.12364732474088669,0.9282402396202087,0.06265294551849365,0.9393945932388306,0.9861380457878113,0.952826976776123,0.16507261991500854,0.00205277930945158,nan,nan,nan,nan,nan,nan,nan,0.16779404878616333,0.9108811616897583,0.09774448722600937,0.925693690776825,0.9864539504051208
86,0.9464706182479858,0.14646582305431366,0.0016831160755828023,5.9627622249536216e-05,0.12246325612068176,0.9290653467178345,0.061692457646131516,0.9400806427001953,0.9862781763076782,0.9527394771575928,0.16540475189685822,0.002047887770459056,nan,nan,nan,nan,nan,nan,nan,0.16669590771198273,0.9124131202697754,0.09659562259912491,0.9269245266914368,0.9865149855613708
87,0.9467213749885559,0.14664223790168762,0.001682188012637198,5.636277637677267e-05,0.12315606325864792,0.9284305572509766,0.06234133616089821,0.9395529627799988,0.9861646294593811,0.952755868434906,0.16503097116947174,0.0020405922550708055,nan,nan,nan,nan,nan,nan,nan,0.16917133331298828,0.9102230072021484,0.09925606846809387,0.9251686930656433,0.9864311814308167
88,0.9471083879470825,0.1458398997783661,0.0016786898486316204,5.317069008015096e-05,0.12238829582929611,0.9292218089103699,0.06184932962059975,0.9402084350585938,0.9863125681877136,0.9531766176223755,0.16420616209506989,0.002036632038652897,nan,nan,nan,nan,nan,nan,nan,0.16779454052448273,0.9105567336082458,0.098166324198246,0.9254411458969116,0.9864661693572998
89,0.9469160437583923,0.14598298072814941,0.0016708303010091186,5.005382627132349e-05,0.12106359750032425,0.9301450252532959,0.06056049093604088,0.9409587979316711,0.9864274263381958,0.9533745646476746,0.1646229773759842,0.0020349265541881323,0.9136253381515287,0.9729187562688064,0.9847797321598724,0.8498194880800986,0.9632987910189983,0.9827327988723461,0.8498194880800986,0.1661023497581482,0.9129493236541748,0.09636614471673965,0.9273715019226074,0.9866032600402832
90,0.947539210319519,0.1454029381275177,0.0016586168203502893,4.701459693023935e-05,0.1206885427236557,0.9301972389221191,0.060481347143650055,0.9410020112991333,0.9864033460617065,0.953507125377655,0.16452184319496155,0.0020268617663532495,nan,nan,nan,nan,nan,nan,nan,0.16394567489624023,0.9133901000022888,0.09432045370340347,0.9277311563491821,0.986639142036438
91,0.9482448101043701,0.14443859457969666,0.0016638089437037706,4.405534855322912e-05,0.11934363096952438,0.9302992820739746,0.05937395617365837,0.9411273002624512,0.9865448474884033,0.9531732201576233,0.16485419869422913,0.0020325027871876955,nan,nan,nan,nan,nan,nan,nan,0.16531720757484436,0.9130829572677612,0.09553594142198563,0.9274899363517761,0.986648440361023
92,0.9481960535049438,0.14441776275634766,0.0016609688755124807,4.117836942896247e-05,0.1197599396109581,0.9294871091842651,0.05982464551925659,0.9404605627059937,0.9864693880081177,0.9533941745758057,0.16425514221191406,0.0020310531836003065,nan,nan,nan,nan,nan,nan,nan,0.1644163280725479,0.9128427505493164,0.0948292687535286,0.9272869825363159,0.986618161201477
93,0.9486979246139526,0.14414338767528534,0.0016379995504394174,3.838588600046933e-05,0.11952212452888489,0.9315718412399292,0.05989912524819374,0.9421553611755371,0.9866488575935364,0.9541172385215759,0.16289950907230377,0.0020199278369545937,nan,nan,nan,nan,nan,nan,nan,0.16417519748210907,0.9132117033004761,0.09510616213083267,0.9275850057601929,0.9866427183151245
94,0.9481881856918335,0.14447413384914398,0.0016464920481666923,3.5680051951203495e-05,0.12075565755367279,0.9298906326293945,0.06094841659069061,0.9407756924629211,0.9864360094070435,0.9539430737495422,0.1635941118001938,0.0020250969100743532,0.9139499625935181,0.9732629650630261,0.9866273403890603,0.8491170434732516,0.9638044229440221,0.98290899480222,0.8491170434732516,0.16436849534511566,0.9134916067123413,0.09503916651010513,0.9278193712234497,0.9866902828216553
95,0.9487364888191223,0.14380383491516113,0.0016546535771340132,3.306296275695786e-05,0.11897844076156616,0.9307689070701599,0.05929059907793999,0.9415192604064941,0.9866437315940857,0.9537858366966248,0.1643621027469635,0.002042315900325775,nan,nan,nan,nan,nan,nan,nan,0.164455384016037,0.9132591485977173,0.09472362697124481,0.9276416897773743,0.9867116808891296
96,0.9486819505691528,0.1431788057088852,0.0016447851667180657,3.0536633857991546e-05,0.11781736463308334,0.9304481744766235,0.05841585621237755,0.9412721395492554,0.9866808652877808,0.9539005160331726,0.16421598196029663,0.0020330967381596565,nan,nan,nan,nan,nan,nan,nan,0.16499735414981842,0.9133070111274719,0.09540155529975891,0.9276808500289917,0.9867120385169983
97,0.9487131237983704,0.14320054650306702,0.0016374418046325445,2.8103027943870984e-05,0.11782251298427582,0.9322593212127686,0.05848813056945801,0.9427216649055481,0.9867426156997681,0.9538522958755493,0.16424047946929932,0.0020294487476348877,nan,nan,nan,nan,nan,nan,nan,0.16609010100364685,0.9127102494239807,0.09652356803417206,0.9271893501281738,0.98663330078125
98,0.9488607048988342,0.14327634871006012,0.0016410122625529766,2.5764018573681824e-05,0.11846689134836197,0.931856095790863,0.05907384678721428,0.9423743486404419,0.9866502285003662,0.9539573788642883,0.16401779651641846,0.002024703426286578,nan,nan,nan,nan,nan,nan,nan,0.16480448842048645,0.9130882024765015,0.09535196423530579,0.9274900555610657,0.9866319298744202
99,0.9498554468154907,0.14225517213344574,0.001642116461880505,2.3521415641880594e-05,0.11787577718496323,0.9321423768997192,0.058778125792741776,0.9426557421684265,0.9868270754814148,0.9537255764007568,0.16411124169826508,0.0020244186744093895,0.9136346604002423,0.9719389978213507,0.9860138141167906,0.8490062541409301,0.9615484093456332,0.982556602942472,0.8490062541409301,0.16534993052482605,0.9131683111190796,0.09587245434522629,0.9275476336479187,0.9866076707839966
100,0.9497553110122681,0.14223909378051758,0.0016088684787973762,2.1376954464358278e-05,0.11657871305942535,0.9329206347465515,0.05781818553805351,0.9432557821273804,0.9867851138114929,0.9540593028068542,0.1635768711566925,0.002025824273005128,nan,nan,nan,nan,nan,nan,nan,0.16513755917549133,0.9132465124130249,0.09580627828836441,0.9276140928268433,0.9866216778755188
101,0.9505077004432678,0.14144065976142883,0.0016387358773499727,1.9332288502482697e-05,0.11850292235612869,0.932422399520874,0.05968340486288071,0.9429062604904175,0.9869244694709778,0.9542703032493591,0.16338767111301422,0.0020201143343001604,nan,nan,nan,nan,nan,nan,nan,0.16472162306308746,0.9132377505302429,0.09550423175096512,0.9276108741760254,0.9866396188735962
102,0.9508324861526489,0.14125919342041016,0.001638107467442751,1.738900027703494e-05,0.11681675165891647,0.9328322410583496,0.058057840913534164,0.9432497024536133,0.9870327711105347,0.9543837308883667,0.16326002776622772,0.00202161748893559,nan,nan,nan,nan,nan,nan,nan,0.16465957462787628,0.9136141538619995,0.09546538442373276,0.9279139637947083,0.986655056476593
103,0.9502463340759277,0.14148476719856262,0.001640165806747973,1.554859227326233e-05,0.11625522375106812,0.9329701066017151,0.05740818753838539,0.9433437585830688,0.9869660139083862,0.9544626474380493,0.16307908296585083,0.0020163494627922773,nan,nan,nan,nan,nan,nan,nan,0.1640155017375946,0.9136945009231567,0.09492836892604828,0.9279796481132507,0.9866741895675659
104,0.9505876302719116,0.14131110906600952,0.001628051744773984,1.3812486031383742e-05,0.11689609289169312,0.9327932596206665,0.05822223797440529,0.9431447982788086,0.9867502450942993,0.9543163180351257,0.16346979141235352,0.0020166803151369095,0.9142665504957441,0.9727538253629191,0.9868561626870725,0.8501059745586993,0.962806351397998,0.98290899480222,0.8501059745586993,0.16414082050323486,0.9137265682220459,0.09493313729763031,0.9280037879943848,0.9866651892662048
105,0.9508131146430969,0.14118298888206482,0.0016150143928825855,1.218202305608429e-05,0.11539500951766968,0.9331400990486145,0.05689004063606262,0.9434720277786255,0.986961841583252,0.9542343020439148,0.16362476348876953,0.00201888894662261,nan,nan,nan,nan,nan,nan,nan,0.164922833442688,0.9134712815284729,0.09564664959907532,0.9277958869934082,0.9866498112678528
106,0.951350212097168,0.14043103158473969,0.001629896811209619,1.0658464816515334e-05,0.11555515229701996,0.9334073066711426,0.05712714046239853,0.9437065124511719,0.9870514869689941,0.954355776309967,0.163688063621521,0.002020804909989238,nan,nan,nan,nan,nan,nan,nan,0.16548186540603638,0.9131208658218384,0.0961674302816391,0.9275140762329102,0.986631453037262
107,0.9509984850883484,0.14102599024772644,0.0016113569727167487,9.242987289326265e-06,0.11536570638418198,0.9338178634643555,0.05694429576396942,0.9440016746520996,0.9869489073753357,0.9544385075569153,0.16357025504112244,0.00202435115352273,nan,nan,nan,nan,nan,nan,nan,0.16584910452365875,0.9131195545196533,0.09653447568416595,0.9275204539299011,0.9866578578948975
108,0.9512916803359985,0.14083430171012878,0.001610663253813982,7.93668550613802e-06,0.11546675115823746,0.933610200881958,0.057109858840703964,0.9438449740409851,0.9869594573974609,0.954069197177887,0.16421522200107574,0.0020256931893527508,nan,nan,nan,nan,nan,nan,nan,0.1659904420375824,0.91286700963974,0.09646888822317123,0.9273058176040649,0.9866069555282593
109,0.951219916343689,0.14042101800441742,0.0016059076879173517,6.7405685513222124e-06,0.11431191116571426,0.9347177147865295,0.05612657219171524,0.9447577595710754,0.9871268272399902,0.9541366100311279,0.16414691507816315,0.002026650123298168,0.9132368355969664,0.9717671662600209,0.986119692955842,0.8493891630197267,0.9612964399620723,0.982468504977535,0.8493891630197267,0.166566863656044,0.9128238558769226,0.0970563217997551,0.9272716641426086,0.9866001009941101
110,0.9511513113975525,0.14067009091377258,0.0016216719523072243,5.655561380990548e-06,0.11619171500205994,0.932990312576294,0.05777386948466301,0.9433566331863403,0.9869512319564819,0.9543843269348145,0.1636611521244049,0.0020300133619457483,nan,nan,nan,nan,nan,nan,nan,0.166128009557724,0.9130399227142334,0.09672954678535461,0.9274551272392273,0.9866505265235901
111,0.951195478439331,0.14094199240207672,0.0016151057789102197,4.68250209451071e-06,0.11496078968048096,0.9342443943023682,0.05652717500925064,0.9443683624267578,0.9870560765266418,0.9545446634292603,0.16337621212005615,0.0020227222703397274,nan,nan,nan,nan,nan,nan,nan,0.1655946671962738,0.9130234122276306,0.09635461121797562,0.9274386167526245,0.9866419434547424
112,0.9510483741760254,0.14082486927509308,0.0016121156513690948,3.822142844001064e-06,0.11560577899217606,0.9327276945114136,0.05723706632852554,0.9431384801864624,0.9869174957275391,0.9540929794311523,0.16428296267986298,0.0020281949546188116,nan,nan,nan,nan,nan,nan,nan,0.165738046169281,0.9128454923629761,0.09617120772600174,0.9272903203964233,0.9866194128990173
113,0.951346218585968,0.1405908763408661,0.001594367902725935,3.0751489248359576e-06,0.11541939526796341,0.9342116117477417,0.057298384606838226,0.9443424344062805,0.9870544672012329,0.9542854428291321,0.16389107704162598,0.002025211462751031,nan,nan,nan,nan,nan,nan,nan,0.16516326367855072,0.9130723476409912,0.0957438200712204,0.9274795651435852,0.9866526126861572
114,0.95085608959198,0.14034098386764526,0.0016032864805310965,2.4420974114036653e-06,0.11602091789245605,0.93314129114151,0.057885780930519104,0.9434809684753418,0.9869451522827148,0.9543091654777527,0.16370485723018646,0.002025150926783681,0.913613238379801,0.9716525146962769,0.9864547755798009,0.8500259278780022,0.9606509385224729,0.98290899480222,0.8500259278780022,0.16473539173603058,0.9131250381469727,0.09537255764007568,0.9275220632553101,0.9866585731506348
115,0.951539158821106,0.14033497869968414,0.0016036388697102666,1.923477611853741e-06,0.11496178805828094,0.9343468546867371,0.05682489275932312,0.9444621205329895,0.9871146082878113,0.9543079137802124,0.163762629032135,0.002024164656177163,nan,nan,nan,nan,nan,nan,nan,0.16497009992599487,0.913098156452179,0.09559953957796097,0.9274994730949402,0.9866530895233154
116,0.952319860458374,0.13945607841014862,0.0016133359167724848,1.519690499662829e-06,0.11618076264858246,0.9328453540802002,0.058210525661706924,0.9433070421218872,0.987181544303894,0.9542903304100037,0.16376136243343353,0.0020229751244187355,nan,nan,nan,nan,nan,nan,nan,0.16533800959587097,0.9130760431289673,0.09597986936569214,0.9274809956550598,0.9866474866867065
117,0.9510393142700195,0.14086346328258514,0.001592418528161943,1.2310479178267997e-06,0.11484326422214508,0.9346216917037964,0.056660182774066925,0.9446722865104675,0.9870733618736267,0.9541834592819214,0.16416198015213013,0.002024946501478553,nan,nan,nan,nan,nan,nan,nan,0.16529062390327454,0.9131982326507568,0.09579262882471085,0.9275803565979004,0.9866576194763184
118,0.9511256217956543,0.14027062058448792,0.0016114701284095645,1.057773147294938e-06,0.11490543931722641,0.9340027570724487,0.05670946091413498,0.9441811442375183,0.9870579242706299,0.954139769077301,0.16412264108657837,0.0020237802527844906,nan,nan,nan,nan,nan,nan,nan,0.16537848114967346,0.9131784439086914,0.09590382128953934,0.9275625944137573,0.9866489171981812
119,0.9511702656745911,0.14018739759922028,0.0016182856634259224,9.999999974752427e-07,0.11438914388418198,0.9343584775924683,0.05615011230111122,0.9444600343704224,0.9870842099189758,0.9541112184524536,0.16414301097393036,0.002024393994361162,0.9137682358489443,0.9725866201786881,0.9865059512212107,0.8499075761216552,0.9623943419009833,0.9829970927671571,0.8499075761216552,0.16531668603420258,0.9132083058357239,0.09582977741956711,0.9275868535041809,0.986648440361023
